<?xml version="1.0" encoding="UTF-8"?>
<project-private xmlns="http://www.netbeans.org/ns/project-private/1">
    <editor-bookmarks xmlns="http://www.netbeans.org/ns/editor-bookmarks/2" lastBookmarkId="0"/>
    <open-files xmlns="http://www.netbeans.org/ns/projectui-open-files/2">
        <group>
            <file>file:/C:/Users/riley/Downloads/BattleBunnies%202/BattleBunnies/test/battlebunnies/GameCharacterTest.java</file>
            <file>file:/C:/Users/riley/Downloads/BattleBunnies%202/BattleBunnies/test/battlebunnies/BattleBunniesTest.java</file>
            <file>file:/C:/Users/riley/Downloads/BattleBunnies%202/BattleBunnies/src/battlebunnies/GameCharacter.java</file>
            <file>file:/C:/Users/riley/Downloads/BattleBunnies%202/BattleBunnies/src/battlebunnies/BattleBunnies.java</file>
            <file>file:/C:/Users/riley/Downloads/BattleBunnies%202/BattleBunnies/test/battlebunnies/CharacterAbilityTest.java</file>
            <file>file:/C:/Users/riley/Downloads/BattleBunnies%202/BattleBunnies/src/battlebunnies/CharacterAbility.java</file>
        </group>
    </open-files>
</project-private>
